RESOURCE,OPERATION,ANONYMOUS_EXPECTED,AUTHENTICATED_NON_MEMBER_EXPECTED,ACTIVE_MEMBER_EXPECTED,LOWER_TIER_EXPECTED,HIGHER_TIER_EXPECTED,ADMIN_EXPECTED,SUSPENDED_EXPECTED,EXPIRED_SESSION_EXPECTED,CURRENT_POLICY_EVIDENCE,TEST_EXISTS?,NEGATIVE_TEST_REQUIRED?,RESULT,NOTES
table members,SELECT own row,DENY,DENY (no row),ALLOW own only,ALLOW own only,ALLOW own only,ALLOW all,ALLOW own only (verify),DENY (401 or refresh),members_self_read (20260321000003_authority_hardening_v2.sql:43); members_self_profile_update (20260321000003_authority_hardening_v2.sql:44); members_admin_all (20260321000003_authority_hardening_v2.sql:45),none,YES,UNTESTED,
table members,SELECT another member,DENY,DENY,DENY,DENY,DENY,ALLOW,DENY,DENY (401 or refresh),members_self_read (20260321000003_authority_hardening_v2.sql:43); members_self_profile_update (20260321000003_authority_hardening_v2.sql:44); members_admin_all (20260321000003_authority_hardening_v2.sql:45),none,YES,UNTESTED,Directory access only via RPCs
table members,UPDATE own profile fields,DENY,DENY,ALLOW,ALLOW,ALLOW,ALLOW,UNDECIDED: product decision,DENY (401 or refresh),members_self_read (20260321000003_authority_hardening_v2.sql:43); members_self_profile_update (20260321000003_authority_hardening_v2.sql:44); members_admin_all (20260321000003_authority_hardening_v2.sql:45),none,YES,UNTESTED,
table members,"UPDATE own tier, status, consent, onboarded_at",DENY,DENY,DENY,DENY,DENY,ALLOW,DENY,DENY (401 or refresh),members_self_read (20260321000003_authority_hardening_v2.sql:43); members_self_profile_update (20260321000003_authority_hardening_v2.sql:44); members_admin_all (20260321000003_authority_hardening_v2.sql:45); trigger tr_prevent_privileged_member_field_updates,none,YES,UNTESTED,Suspended admin may still pass the is_admin() bypass (HO-07)
table members,UPDATE expo_push_token own,DENY,DENY,ALLOW,ALLOW,ALLOW,ALLOW,UNDECIDED,DENY (401 or refresh),members_self_read (20260321000003_authority_hardening_v2.sql:43); members_self_profile_update (20260321000003_authority_hardening_v2.sql:44); members_admin_all (20260321000003_authority_hardening_v2.sql:45),none,YES,UNTESTED,
table admin_roles,SELECT,DENY,DENY,ALLOW own row only,ALLOW own row only,ALLOW own row only,ALLOW all,DENY expected (currently own row),DENY (401 or refresh),admin_roles_select (20260301000001_rls_policies.sql:89),none,YES,UNTESTED,
table admin_roles,INSERT or UPDATE,DENY,DENY,DENY,DENY,DENY,DENY direct (RPC only),DENY,DENY (401 or refresh),admin_roles_select (20260301000001_rls_policies.sql:89),none,YES,UNTESTED,Only redeem_invitation_code writes it
table invitation_codes,SELECT or write,DENY,DENY,DENY,DENY,DENY,ALLOW,DENY,DENY (401 or refresh),invitation_codes_admin_all (20260301000006_invitation_system.sql:30),none,YES,UNTESTED,Plaintext code column still populated on all rows per 22 Sep evidence
table map_cache_projects,SELECT,DENY,DENY expected; CURRENT POLICY ALLOWS,Gold+ only expected,DENY expected (silver); CURRENT POLICY ALLOWS,ALLOW,ALLOW,DENY,DENY (401 or refresh),Authenticated users can read project cache (20260326000001_map_feature.sql:153),none,YES,UNTESTED,HO-01. USING (true) bypasses the gold gate on map_projects
table map_cache_states,SELECT,DENY,DENY expected; CURRENT POLICY ALLOWS,Gold+ only expected,DENY expected; CURRENT POLICY ALLOWS,ALLOW,ALLOW,DENY,DENY (401 or refresh),Authenticated users can read state cache (20260326000001_map_feature.sql:151),none,YES,UNTESTED,HO-01
table map_cache_countries,SELECT,DENY,DENY expected; CURRENT POLICY ALLOWS,Gold+ only expected,DENY expected; CURRENT POLICY ALLOWS,ALLOW,ALLOW,DENY,DENY (401 or refresh),Authenticated users can read country cache (20260326000001_map_feature.sql:149),none,YES,UNTESTED,HO-01
table projects,SELECT approved,DENY,DENY expected; CURRENT POLICY ALLOWS,Gold+ expected (Aligned),UNDECIDED: product decision,ALLOW,ALLOW,DENY,DENY (401 or refresh),Creators can manage own projects (20260326000001_map_feature.sql:73); Users can read approved projects (20260326000001_map_feature.sql:78); Projects admin all (20260504000006_admin_project_review.sql:7),none,YES,UNTESTED,HO-02. Policy has no is_active_member()
table projects,INSERT own,DENY,DENY (FK to members),ALLOW if tier permits,UNDECIDED,ALLOW,ALLOW,DENY,DENY (401 or refresh),Creators can manage own projects (20260326000001_map_feature.sql:73); Users can read approved projects (20260326000001_map_feature.sql:78); Projects admin all (20260504000006_admin_project_review.sql:7),none,YES,UNTESTED,
table projects,UPDATE own status to approved,DENY,DENY,DENY,DENY,DENY,ALLOW,DENY,DENY (401 or refresh),Creators can manage own projects (20260326000001_map_feature.sql:73); Users can read approved projects (20260326000001_map_feature.sql:78); Projects admin all (20260504000006_admin_project_review.sql:7),none,YES,UNTESTED,HO-03. FOR ALL creator policy has no status guard
table projects,SELECT pending or rejected of another member,DENY,DENY,DENY,DENY,DENY,ALLOW,DENY,DENY (401 or refresh),Creators can manage own projects (20260326000001_map_feature.sql:73); Users can read approved projects (20260326000001_map_feature.sql:78); Projects admin all (20260504000006_admin_project_review.sql:7),none,YES,UNTESTED,
table project_updates,SELECT,DENY,DENY,ALLOW approved projects,UNDECIDED,ALLOW,ALLOW,DENY,DENY (401 or refresh),project_updates_member_read (20260707000004_project_updates.sql:22); project_updates_creator_write (20260707000004_project_updates.sql:34); project_updates_creator_delete (20260707000004_project_updates.sql:49),none,YES,UNTESTED,
table project_updates,INSERT,DENY,DENY,ALLOW own approved project only,ALLOW own only,ALLOW own only,UNDECIDED,DENY,DENY (401 or refresh),project_updates_member_read (20260707000004_project_updates.sql:22); project_updates_creator_write (20260707000004_project_updates.sql:34); project_updates_creator_delete (20260707000004_project_updates.sql:49),none,YES,UNTESTED,
table project_contact_requests,SELECT or write direct,DENY,DENY,DENY (RPC only),DENY,DENY,DENY direct,DENY,DENY (401 or refresh),"RLS enabled, no policy: denies all app roles",none,YES,UNTESTED,"Access via request_project_contact, respond_project_contact, get_project_requests"
table project_bookmarks,ALL own,DENY,DENY expected,ALLOW own,ALLOW own,ALLOW own,ALLOW own,DENY,DENY (401 or refresh),Users can manage own bookmarks (20260326000001_map_feature.sql:94),none,YES,UNTESTED,Policy is TO public with auth.uid() check; no membership check
table events,SELECT,DENY,DENY,ALLOW,ALLOW (tier windows in RPC),ALLOW,ALLOW,DENY,DENY (401 or refresh),events_admin (20260301000001_rls_policies.sql:64); events_select (20260326000005_policy_and_action_hardening.sql:7),none,YES,UNTESTED,
table events,INSERT or UPDATE or DELETE,DENY,DENY,DENY,DENY,DENY,ALLOW,DENY,DENY (401 or refresh),events_admin (20260301000001_rls_policies.sql:64); events_select (20260326000005_policy_and_action_hardening.sql:7),none,YES,UNTESTED,
table event_rsvps,SELECT own,DENY,DENY,ALLOW own,ALLOW own,ALLOW own,ALLOW all,UNDECIDED,DENY (401 or refresh),rsvps_own_select (20260301000001_rls_policies.sql:67); rsvps_admin (20260301000001_rls_policies.sql:68),none,YES,UNTESTED,
table event_rsvps,INSERT direct,DENY,DENY,DENY (RPC only),DENY,DENY,ALLOW,DENY,DENY (401 or refresh),rsvps_own_select (20260301000001_rls_policies.sql:67); rsvps_admin (20260301000001_rls_policies.sql:68),none,YES,UNTESTED,rsvp_to_event is the only member path
table barcode_seeds,ANY,DENY,DENY,DENY,DENY,DENY,DENY direct,DENY,DENY (401 or refresh),"RLS enabled, no policy: denies all app roles",none,YES,UNTESTED,
table barcode_revocations,ANY,DENY,DENY,DENY,DENY,DENY,ALLOW,DENY,DENY (401 or refresh),barcode_revocations_admin (20260301000001_rls_policies.sql:92),none,YES,UNTESTED,
table aligned_tiles,SELECT discovery,DENY,DENY,ALLOW where tier in visibility_tiers,ALLOW where tier in visibility_tiers,ALLOW where tier in visibility_tiers,ALLOW all,DENY,DENY (401 or refresh),aligned_tiles_own_crud (20260323000001_membership_invites_and_moderation.sql:669); aligned_tiles_discovery (20260323000001_membership_invites_and_moderation.sql:680); aligned_tiles_admin_all (20260323000001_membership_invites_and_moderation.sql:692),none,YES,UNTESTED,
table aligned_tiles,INSERT or UPDATE own,DENY,DENY,ALLOW silver+,DENY for member tier,ALLOW,ALLOW,DENY,DENY (401 or refresh),aligned_tiles_own_crud (20260323000001_membership_invites_and_moderation.sql:669); aligned_tiles_discovery (20260323000001_membership_invites_and_moderation.sql:680); aligned_tiles_admin_all (20260323000001_membership_invites_and_moderation.sql:692),none,YES,UNTESTED,USING clause lacks is_active_member(); suspended owner may still update or delete own tile
table aligned_matches,SELECT own,DENY,DENY,ALLOW own,ALLOW own,ALLOW own,ALLOW all,DENY,DENY (401 or refresh),aligned_own_select (20260301000001_rls_policies.sql:77); aligned_admin (20260301000001_rls_policies.sql:78),none,YES,UNTESTED,
table aligned_interests,INSERT,DENY,DENY,ALLOW,UNDECIDED,ALLOW,ALLOW,DENY,DENY (401 or refresh),aligned_interests_select (20260321000003_authority_hardening_v2.sql:247); aligned_interests_insert (20260323000001_membership_invites_and_moderation.sql:701),none,YES,UNTESTED,
table aligned_skips,INSERT,DENY,DENY,ALLOW,UNDECIDED,ALLOW,ALLOW,DENY,DENY (401 or refresh),aligned_skips_select (20260321000003_authority_hardening_v2.sql:253); aligned_skips_insert (20260321000003_authority_hardening_v2.sql:254),none,YES,UNTESTED,
table aligned_reports,ANY direct,DENY,DENY,DENY,DENY,DENY,DENY direct,DENY,DENY (401 or refresh),"RLS enabled, no policy: denies all app roles",none,YES,UNTESTED,No member write path found in policies; confirm how reports are filed
table aligned_history,ANY direct,DENY,DENY,DENY,DENY,DENY,DENY direct,DENY,DENY (401 or refresh),"RLS enabled, no policy: denies all app roles",none,YES,UNTESTED,
table connections,SELECT own,DENY,DENY,ALLOW own,ALLOW own,ALLOW own,ALLOW own,UNDECIDED,DENY (401 or refresh),connections_read_own (20260321000003_authority_hardening_v2.sql:258),none,YES,UNTESTED,Policy lacks is_active_member()
table city_presence,SELECT directory,DENY,DENY,ALLOW silver+,DENY for member tier,ALLOW,ALLOW,DENY,DENY (401 or refresh),city_presence_own (20260301000001_rls_policies.sql:81); city_presence_directory (20260301000001_rls_policies.sql:82),none,YES,UNTESTED,
table corridor_opportunities,SELECT,DENY,DENY,ALLOW silver+,DENY for member tier,ALLOW,ALLOW,DENY,DENY (401 or refresh),corridor_admin (20260301000001_rls_policies.sql:72); corridor_select (20260323000001_membership_invites_and_moderation.sql:560),none,YES,UNTESTED,Corridor tab hidden in client at level 99
table corridor_interests,INSERT,DENY,DENY,ALLOW silver+,DENY for member tier,ALLOW,ALLOW,DENY,DENY (401 or refresh),corridor_interests_select_own (20260321000003_authority_hardening_v2.sql:93); corridor_interests_admin_all (20260321000003_authority_hardening_v2.sql:95); corridor_interests_insert_checked (20260323000001_membership_invites_and_moderation.sql:572),none,YES,UNTESTED,
table news_articles,SELECT published,DENY,DENY,ALLOW,ALLOW,ALLOW,ALLOW,DENY,DENY (401 or refresh),news_articles_member_select (20260707000001_intelligence_feed.sql:101),none,YES,UNTESTED,
table news_articles,SELECT hidden or pending,DENY,DENY,DENY,DENY,DENY,UNDECIDED,DENY,DENY (401 or refresh),news_articles_member_select (20260707000001_intelligence_feed.sql:101),none,YES,UNTESTED,
table news_events,INSERT own,DENY,DENY,ALLOW own,ALLOW own,ALLOW own,ALLOW own,DENY,DENY (401 or refresh),news_events_insert_own (20260707000001_intelligence_feed.sql:114),none,YES,UNTESTED,Client normally writes via record_news_events
table news_sources,ANY,DENY,DENY,DENY,DENY,DENY,DENY direct,DENY,DENY (401 or refresh),"RLS enabled, no policy: denies all app roles",none,YES,UNTESTED,
table saved_articles,ALL own,DENY,DENY expected,ALLOW own,ALLOW own,ALLOW own,ALLOW own,DENY expected,DENY (401 or refresh),saved_articles_own (20260707000001_intelligence_feed.sql:120),none,YES,UNTESTED,Policy lacks is_active_member()
table member_feed_interests,SELECT own,DENY,DENY,ALLOW own,ALLOW own,ALLOW own,ALLOW own,DENY,DENY (401 or refresh),feed_interests_active_select_own (20260718000001_reconcile_intelligence_release_schema.sql:67),onboarding_feed_interests.test.sql (CI),YES,UNTESTED,
table member_entity_follows,SELECT own,DENY,DENY,ALLOW own,ALLOW own,ALLOW own,ALLOW own,DENY,DENY (401 or refresh),entity_follows_active_select_own (20260717000004_entity_follow_api.sql:12),entity_follow_api.test.sql (CI),YES,UNTESTED,
table tracked_entities,SELECT approved,DENY,DENY,ALLOW,ALLOW,ALLOW,ALLOW,DENY,DENY (401 or refresh),entities_member_read (20260710000003_tracked_entities.sql:55),none,YES,UNTESTED,
table pulse_editions,SELECT direct,DENY,DENY,DENY (RPC only),DENY,DENY,ALLOW,DENY,DENY (401 or refresh),pulse_admin (20260301000001_rls_policies.sql:60),none,YES,UNTESTED,
table pulse_editions,INSERT or UPDATE,DENY,DENY,DENY,DENY,DENY,ALLOW,DENY,DENY (401 or refresh),pulse_admin (20260301000001_rls_policies.sql:60),none,YES,UNTESTED,
table notifications,SELECT or UPDATE own,DENY,DENY,ALLOW own,ALLOW own,ALLOW own,ALLOW own,UNDECIDED,DENY (401 or refresh),notifications_own (20260301000001_rls_policies.sql:85); notifications_own_update (20260301000001_rls_policies.sql:86),none,YES,UNTESTED,Also used by Realtime subscription in AuthProvider
table issue_reports,INSERT own,DENY,DENY,ALLOW,ALLOW,ALLOW,ALLOW,DENY,DENY (401 or refresh),issue_reports_insert_own (20260710000006_issue_reports.sql:25); issue_reports_select (20260710000006_issue_reports.sql:31); issue_reports_admin_update (20260710000006_issue_reports.sql:37),none,YES,UNTESTED,
table issue_reports,SELECT another member report,DENY,DENY,DENY,DENY,DENY,ALLOW,DENY,DENY (401 or refresh),issue_reports_insert_own (20260710000006_issue_reports.sql:25); issue_reports_select (20260710000006_issue_reports.sql:31); issue_reports_admin_update (20260710000006_issue_reports.sql:37),none,YES,UNTESTED,
table tier_changes,SELECT own,DENY,DENY,ALLOW own,ALLOW own,ALLOW own,ALLOW all,UNDECIDED,DENY (401 or refresh),tier_changes_admin_insert (20260301000001_rls_policies.sql:54); tier_changes_admin_select (20260301000001_rls_policies.sql:55); tier_changes_own_select (20260301000001_rls_policies.sql:56),none,YES,UNTESTED,
table tier_changes,INSERT,DENY,DENY,DENY,DENY,DENY,ALLOW,DENY,DENY (401 or refresh),tier_changes_admin_insert (20260301000001_rls_policies.sql:54); tier_changes_admin_select (20260301000001_rls_policies.sql:55); tier_changes_own_select (20260301000001_rls_policies.sql:56),none,YES,UNTESTED,
table member_monthly_invites,SELECT own,DENY,DENY,ALLOW own,ALLOW own,ALLOW own,ALLOW all,DENY,DENY (401 or refresh),member_monthly_invites_select_own (20260323000001_membership_invites_and_moderation.sql:139); member_monthly_invites_admin_all (20260323000001_membership_invites_and_moderation.sql:145),none,YES,UNTESTED,
table member_onboarding_responses,SELECT own,DENY,DENY,ALLOW own,ALLOW own,ALLOW own,ALLOW own,UNDECIDED,DENY (401 or refresh),member_onboarding_responses_select_own (20260428000001_onboarding_security_foundation.sql:115),none,YES,UNTESTED,
table member_onboarding_snapshots,SELECT own,DENY,DENY,ALLOW own,ALLOW own,ALLOW own,ALLOW own,UNDECIDED,DENY (401 or refresh),member_onboarding_snapshots_select_own (20260428000001_onboarding_security_foundation.sql:121),none,YES,UNTESTED,
table member_onboarding_evidence_ledger,ANY direct,DENY,DENY,DENY,DENY,DENY,DENY direct,DENY,DENY (401 or refresh),"RLS enabled, no policy: denies all app roles",none,YES,UNTESTED,
table region_centroids,SELECT,DENY,ALLOW (reference data),ALLOW,ALLOW,ALLOW,ALLOW,ALLOW,DENY (401 or refresh),Authenticated users can read regions (20260326000001_map_feature.sql:39),none,YES,UNTESTED,Reference data; low sensitivity
table push_log,ANY,DENY,DENY,DENY,DENY,DENY,DENY direct,DENY,DENY (401 or refresh),"RLS enabled, no policy: denies all app roles",none,YES,UNTESTED,Internal table; service role only
table rate_limits,ANY,DENY,DENY,DENY,DENY,DENY,DENY direct,DENY,DENY (401 or refresh),"RLS enabled, no policy: denies all app roles",none,YES,UNTESTED,Internal table; service role only
table dead_letter_queue,ANY,DENY,DENY,DENY,DENY,DENY,DENY direct,DENY,DENY (401 or refresh),"RLS enabled, no policy: denies all app roles",none,YES,UNTESTED,Internal table; service role only
table news_ai_spend,ANY,DENY,DENY,DENY,DENY,DENY,DENY direct,DENY,DENY (401 or refresh),"RLS enabled, no policy: denies all app roles",none,YES,UNTESTED,Internal table; service role only
table news_ai_budget_reservations,ANY,DENY,DENY,DENY,DENY,DENY,DENY direct,DENY,DENY (401 or refresh),"RLS enabled, no policy: denies all app roles",none,YES,UNTESTED,Internal table; service role only
table news_pipeline_leases,ANY,DENY,DENY,DENY,DENY,DENY,DENY direct,DENY,DENY (401 or refresh),"RLS enabled, no policy: denies all app roles",none,YES,UNTESTED,Internal table; service role only
table external_tester_access,ANY,DENY,DENY,DENY,DENY,DENY,DENY direct,DENY,DENY (401 or refresh),"RLS enabled, no policy: denies all app roles",none,YES,UNTESTED,Internal table; service role only
table invitation_expiry_backup_20260921,ANY,DENY,DENY,DENY,DENY,DENY,DENY direct,DENY,DENY (401 or refresh),"RLS enabled, no policy: denies all app roles",none,YES,UNTESTED,Internal table; service role only
"storage bucket uploads, aligned-tiles/<uid>/*",INSERT,DENY,DENY,ALLOW own folder,ALLOW own folder,ALLOW own folder,ALLOW own folder,DENY,DENY (401 or refresh),uploads_insert_aligned_own (20260321000003_authority_hardening_v2.sql:273),none,YES,UNTESTED,
"storage bucket uploads, aligned-tiles/*",SELECT,DENY,DENY,ALLOW,ALLOW,ALLOW,ALLOW,DENY,DENY (401 or refresh),uploads_select_aligned_authenticated (20260321000003_authority_hardening_v2.sql:275),none,YES,UNTESTED,Any active member can read any tile image
"storage bucket uploads, aligned-tiles/<uid>/*",UPDATE,DENY,DENY,UNDECIDED,UNDECIDED,UNDECIDED,UNDECIDED,DENY,DENY (401 or refresh),No UPDATE policy in migrations,none,YES,UNTESTED,HO-10
"storage bucket uploads, other folders",ANY,DENY,DENY,DENY,DENY,DENY,DENY,DENY,DENY (401 or refresh),No policy,none,YES,UNTESTED,
"storage bucket public (used by client, not in migrations)","INSERT event-images/*, project-images/*",DENY,DENY,ALLOW project-images own folder expected,UNDECIDED,ALLOW,ALLOW,DENY,DENY (401 or refresh),"NOT IN MIGRATIONS. app/admin/events.tsx:104, hooks/useCreateProject.ts:90",none,YES,UNTESTED,HO-09. EXTERNAL VERIFICATION REQUIRED: does the bucket exist?
storage bucket public,SELECT via public URL,UNDECIDED (public bucket would allow anon),UNDECIDED,ALLOW,ALLOW,ALLOW,ALLOW,UNDECIDED,DENY (401 or refresh),getPublicUrl() used by client,none,YES,UNTESTED,HO-09
storage media (future Media V1 bucket),SELECT or signed URL,DENY,DENY,ALLOW published only,UNDECIDED: product decision,ALLOW,ALLOW incl unpublished,DENY,DENY (401 or refresh),DOES NOT EXIST,none,YES,UNTESTED,Media V1 design must define this row
storage media (future Media V1 bucket),INSERT or DELETE,DENY,DENY,DENY,DENY,DENY,ALLOW,DENY,DENY (401 or refresh),DOES NOT EXIST,none,YES,UNTESTED,
rpc acknowledge_monthly_invite_announcement,EXECUTE,DENY,DENY (must refuse without member row),ALLOW,UNDECIDED: tier rule in RPC,ALLOW,ALLOW,DENY,DENY (401 or refresh),20260323000001_membership_invites_and_moderation.sql:286; live 22 Sep PUBLIC=false anon=false auth=true,none,YES,UNTESTED,
rpc aligned_decide,EXECUTE,DENY,DENY (must refuse without member row),ALLOW,DENY expected below the Aligned tier (verify in body),ALLOW,ALLOW,DENY,DENY (401 or refresh),20260322000001_aligned_contract_repairs.sql:4; live 22 Sep PUBLIC=false anon=false auth=true,none,YES,UNTESTED,
rpc aligned_discovery_tiles,EXECUTE,DENY,DENY (must refuse without member row),ALLOW,DENY expected below the Aligned tier (verify in body),ALLOW,ALLOW,DENY,DENY (401 or refresh),20260323000002_external_project_contact.sql:22; live 22 Sep PUBLIC=false anon=false auth=true,none,YES,UNTESTED,
rpc aligned_express_interest,EXECUTE,DENY,DENY (must refuse without member row),ALLOW,DENY expected below the Aligned tier (verify in body),ALLOW,ALLOW,DENY,DENY (401 or refresh),20260323000001_membership_invites_and_moderation.sql:785; live 22 Sep PUBLIC=false anon=false auth=true,none,YES,UNTESTED,
rpc cancel_event_rsvp,EXECUTE,DENY,DENY (must refuse without member row),ALLOW,UNDECIDED: tier rule in RPC,ALLOW,ALLOW,DENY,DENY (401 or refresh),20260707000002_event_ticketing.sql:77; live 22 Sep PUBLIC=false anon=false auth=true,none,YES,UNTESTED,
rpc connect_with_member_barcode,EXECUTE,DENY,DENY (must refuse without member row),ALLOW,UNDECIDED: tier rule in RPC,ALLOW,ALLOW,DENY,DENY (401 or refresh),20260504000001_qr_member_connections.sql:11; live 22 Sep PUBLIC=false anon=false auth=true,none,YES,UNTESTED,
rpc create_monthly_invite,EXECUTE,DENY,DENY (must refuse without member row),ALLOW,UNDECIDED: tier rule in RPC,ALLOW,ALLOW,DENY,DENY (401 or refresh),20260323000006_monthly_invite_code_normalization.sql:27; live 22 Sep PUBLIC=false anon=false auth=true,none,YES,UNTESTED,
rpc generate_barcode_token,EXECUTE,DENY,DENY (must refuse without member row),ALLOW,UNDECIDED: tier rule in RPC,ALLOW,ALLOW,DENY,DENY (401 or refresh),20260321000003_authority_hardening_v2.sql:138; live 22 Sep PUBLIC=false anon=false auth=true,none,YES,UNTESTED,
rpc get_aligned_connections,EXECUTE,DENY,DENY (must refuse without member row),ALLOW,DENY expected below the Aligned tier (verify in body),ALLOW,ALLOW,DENY,DENY (401 or refresh),20260322000001_aligned_contract_repairs.sql:275; live 22 Sep PUBLIC=false anon=false auth=true,none,YES,UNTESTED,
rpc get_aligned_tile_contact_details,EXECUTE,DENY,DENY (must refuse without member row),ALLOW,DENY expected below the Aligned tier (verify in body),ALLOW,ALLOW,DENY,DENY (401 or refresh),20260323000002_external_project_contact.sql:90; live 22 Sep PUBLIC=false anon=false auth=true,none,YES,UNTESTED,
rpc get_monthly_invite_status,EXECUTE,DENY,DENY (must refuse without member row),ALLOW,UNDECIDED: tier rule in RPC,ALLOW,ALLOW,DENY,DENY (401 or refresh),20260323000001_membership_invites_and_moderation.sql:192; live 22 Sep PUBLIC=false anon=false auth=true,none,YES,UNTESTED,
rpc get_my_project_request,EXECUTE,DENY,DENY (must refuse without member row),ALLOW,UNDECIDED: tier rule in RPC,ALLOW,ALLOW,DENY,DENY (401 or refresh),20260710000005_project_engagement.sql:96; live 22 Sep PUBLIC=false anon=false auth=true,none,YES,UNTESTED,
rpc get_news_feed,EXECUTE,DENY,DENY (must refuse without member row),ALLOW,UNDECIDED: tier rule in RPC,ALLOW,ALLOW,DENY,DENY (401 or refresh),20260718000001_reconcile_intelligence_release_schema.sql:151; live 22 Sep PUBLIC=false anon=false auth=true,entity_follow_api.test.sql (CI),YES,UNTESTED,
rpc get_project_requests,EXECUTE,DENY,DENY (must refuse without member row),ALLOW,UNDECIDED: tier rule in RPC,ALLOW,ALLOW,DENY,DENY (401 or refresh),20260710000005_project_engagement.sql:78; live 22 Sep PUBLIC=false anon=false auth=true,none,YES,UNTESTED,
rpc get_pulse_edition,EXECUTE,DENY,DENY (must refuse without member row),ALLOW,UNDECIDED: tier rule in RPC,ALLOW,ALLOW,DENY,DENY (401 or refresh),20260428093500_restore_pulse_review_access.sql:43; live 22 Sep PUBLIC=false anon=false auth=true,none,YES,UNTESTED,
rpc get_pulse_feed,EXECUTE,DENY,DENY (must refuse without member row),ALLOW,UNDECIDED: tier rule in RPC,ALLOW,ALLOW,DENY,DENY (401 or refresh),20260428093500_restore_pulse_review_access.sql:9; live 22 Sep PUBLIC=false anon=false auth=true,none,YES,UNTESTED,
rpc get_saved_articles,EXECUTE,DENY,DENY (must refuse without member row),ALLOW,UNDECIDED: tier rule in RPC,ALLOW,ALLOW,DENY,DENY (401 or refresh),20260707000001_intelligence_feed.sql:206; live 22 Sep PUBLIC=false anon=false auth=true,none,YES,UNTESTED,
rpc record_news_events,EXECUTE,DENY,DENY (must refuse without member row),ALLOW,UNDECIDED: tier rule in RPC,ALLOW,ALLOW,DENY,DENY (401 or refresh),20260707000001_intelligence_feed.sql:292; live 22 Sep PUBLIC=false anon=false auth=true,none,YES,UNTESTED,
rpc report_issue,EXECUTE,DENY,DENY (must refuse without member row),ALLOW,UNDECIDED: tier rule in RPC,ALLOW,ALLOW,DENY,DENY (401 or refresh),20260710000006_issue_reports.sql:44; live 22 Sep PUBLIC=false anon=false auth=true,none,YES,UNTESTED,
rpc request_account_deletion,EXECUTE,DENY,DENY (must refuse without member row),ALLOW,UNDECIDED: tier rule in RPC,ALLOW,ALLOW,DENY,DENY (401 or refresh),20260425000001_auth_review_and_account_deletion.sql:5; live 22 Sep PUBLIC=false anon=false auth=true,none,YES,UNTESTED,
rpc request_project_contact,EXECUTE,DENY,DENY (must refuse without member row),ALLOW,UNDECIDED: tier rule in RPC,ALLOW,ALLOW,DENY,DENY (401 or refresh),20260710000005_project_engagement.sql:26; live 22 Sep PUBLIC=false anon=false auth=true,none,YES,UNTESTED,
rpc respond_project_contact,EXECUTE,DENY,DENY (must refuse without member row),ALLOW,UNDECIDED: tier rule in RPC,ALLOW,ALLOW,DENY,DENY (401 or refresh),20260710000005_project_engagement.sql:52; live 22 Sep PUBLIC=false anon=false auth=true,none,YES,UNTESTED,
rpc rsvp_to_event,EXECUTE,DENY,DENY (must refuse without member row),ALLOW,UNDECIDED: tier rule in RPC,ALLOW,ALLOW,DENY,DENY (401 or refresh),20260710000002_gold_tier_functions.sql:24; live 22 Sep PUBLIC=false anon=false auth=true,none,YES,UNTESTED,
rpc set_entity_follow,EXECUTE,DENY,DENY (must refuse without member row),ALLOW,UNDECIDED: tier rule in RPC,ALLOW,ALLOW,DENY,DENY (401 or refresh),20260717000004_entity_follow_api.sql:22; live 22 Sep PUBLIC=false anon=false auth=true,entity_follow_api.test.sql (CI),YES,UNTESTED,
rpc set_feed_interests,EXECUTE,DENY,DENY (must refuse without member row),ALLOW,UNDECIDED: tier rule in RPC,ALLOW,ALLOW,DENY,DENY (401 or refresh),20260718000001_reconcile_intelligence_release_schema.sql:82; live 22 Sep PUBLIC=false anon=false auth=true,onboarding_feed_interests.test.sql (CI),YES,UNTESTED,
rpc submit_member_onboarding,EXECUTE,DENY,DENY (must refuse without member row),ALLOW,UNDECIDED: tier rule in RPC,ALLOW,ALLOW,DENY,DENY (401 or refresh),20260428000001_onboarding_security_foundation.sql:180; live 22 Sep PUBLIC=false anon=false auth=true,none,YES,UNTESTED,
rpc toggle_saved_article,EXECUTE,DENY,DENY (must refuse without member row),ALLOW,UNDECIDED: tier rule in RPC,ALLOW,ALLOW,DENY,DENY (401 or refresh),20260707000001_intelligence_feed.sql:350; live 22 Sep PUBLIC=false anon=false auth=true,none,YES,UNTESTED,
rpc admin_create_invitation_code,EXECUTE,DENY,DENY,DENY,DENY,DENY,ALLOW,DENY (suspended admin must fail),DENY (401 or refresh),20260710000002_gold_tier_functions.sql:56; live 22 Sep PUBLIC=false anon=false auth=true,none,YES,UNTESTED,HO-07 applies
rpc admin_set_member_status,EXECUTE,DENY,DENY,DENY,DENY,DENY,ALLOW,DENY (suspended admin must fail),DENY (401 or refresh),20260504000002_admin_member_operations.sql:7; live 22 Sep PUBLIC=false anon=false auth=true,none,YES,UNTESTED,HO-07 applies
rpc admin_set_project_status,EXECUTE,DENY,DENY,DENY,DENY,DENY,ALLOW,DENY (suspended admin must fail),DENY (401 or refresh),20260504000006_admin_project_review.sql:14; live 22 Sep PUBLIC=false anon=false auth=true,none,YES,UNTESTED,HO-07 applies
rpc change_member_tier,EXECUTE,DENY,DENY,DENY,DENY,DENY,ALLOW,DENY (suspended admin must fail),DENY (401 or refresh),20260321000003_authority_hardening_v2.sql:183; live 22 Sep PUBLIC=false anon=false auth=true,supabase/verification/p0 (manual),YES,UNTESTED,HO-07 applies
rpc get_event_checkin_stats,EXECUTE,DENY,DENY,DENY,DENY,DENY,ALLOW,DENY (suspended admin must fail),DENY (401 or refresh),20260707000002_event_ticketing.sql:97; live 22 Sep PUBLIC=false anon=false auth=true,none,YES,UNTESTED,HO-07 applies
rpc onboarding_admin_aggregates,EXECUTE,DENY,DENY,DENY,DENY,DENY,ALLOW,DENY (suspended admin must fail),DENY (401 or refresh),20260428000001_onboarding_security_foundation.sql:431; live 22 Sep PUBLIC=false anon=false auth=true,none,YES,UNTESTED,HO-07 applies
rpc review_aligned_tile,EXECUTE,DENY,DENY,DENY,DENY,DENY,ALLOW,DENY (suspended admin must fail),DENY (401 or refresh),20260323000001_membership_invites_and_moderation.sql:908; live 22 Sep PUBLIC=false anon=false auth=true,none,YES,UNTESTED,HO-07 applies
rpc set_issue_status,EXECUTE,DENY,DENY,DENY,DENY,DENY,ALLOW,DENY (suspended admin must fail),DENY (401 or refresh),20260710000006_issue_reports.sql:74; live 22 Sep PUBLIC=false anon=false auth=true,none,YES,UNTESTED,HO-07 applies
rpc verify_barcode,EXECUTE,DENY,DENY,DENY,DENY,DENY,ALLOW,DENY (suspended admin must fail),DENY (401 or refresh),20260707000002_event_ticketing.sql:11; live 22 Sep PUBLIC=false anon=false auth=true,none,YES,UNTESTED,HO-07 applies
rpc get_admin_role,EXECUTE,DENY,DENY,DENY,DENY,DENY,ALLOW,DENY (suspended admin must fail),DENY (401 or refresh),20260323000001_membership_invites_and_moderation.sql:15; live 22 Sep PUBLIC=false anon=false auth=true,none,YES,UNTESTED,HO-07 applies
rpc append_article_entity,EXECUTE,DENY,DENY,DENY,DENY,DENY,DENY,DENY,DENY (401 or refresh),20260710000003_tracked_entities.sql:164; live 22 Sep PUBLIC=false anon=false auth=false,none,YES,UNTESTED,Service role or cron only
rpc check_rate_limit,EXECUTE,DENY,DENY,DENY,DENY,DENY,DENY,DENY,DENY (401 or refresh),20260301000000_initial_schema.sql:633; live 22 Sep PUBLIC=false anon=false auth=false,none,YES,UNTESTED,Service role or cron only
rpc ensure_daily_seed,EXECUTE,DENY,DENY,DENY,DENY,DENY,DENY,DENY,DENY (401 or refresh),20260321000003_authority_hardening_v2.sql:129; live 22 Sep PUBLIC=false anon=false auth=false,none,YES,UNTESTED,Service role or cron only
rpc fold_feed_affinities,EXECUTE,DENY,DENY,DENY,DENY,DENY,DENY,DENY,DENY (401 or refresh),20260707000001_intelligence_feed.sql:395; live 22 Sep PUBLIC=false anon=false auth=false,none,YES,UNTESTED,Service role or cron only
rpc generate_share_invite_code,EXECUTE,DENY,DENY,DENY,DENY,DENY,DENY,DENY,DENY (401 or refresh),20260922000002_short_codes_and_validation_throttle.sql:46; live 22 Sep PUBLIC=false anon=false auth=false,none,YES,UNTESTED,Service role or cron only
rpc generate_weekly_matches,EXECUTE,DENY,DENY,DENY,DENY,DENY,DENY,DENY,DENY (401 or refresh),20260301000000_initial_schema.sql:511; live 22 Sep PUBLIC=false anon=false auth=false,none,YES,UNTESTED,Service role or cron only
rpc get_pending_for_enrichment,EXECUTE,DENY,DENY,DENY,DENY,DENY,DENY,DENY,DENY (401 or refresh),20260717000001_enrich_priority_queue.sql:65; live 22 Sep PUBLIC=false anon=false auth=false,enrich_priority_queue.test.sql (CI),YES,UNTESTED,Service role or cron only
rpc refresh_map_cache,EXECUTE,DENY,DENY,DENY,DENY,DENY,DENY,DENY,DENY (401 or refresh),20260505000001_safe_map_cache_refresh.sql:7; live 22 Sep PUBLIC=false anon=false auth=false,none,YES,UNTESTED,Service role or cron only
rpc release_news_ai_budget_reservation,EXECUTE,DENY,DENY,DENY,DENY,DENY,DENY,DENY,DENY (401 or refresh),20260717000001_enrich_priority_queue.sql:292; live 22 Sep PUBLIC=false anon=false auth=false,enrich_priority_queue.test.sql (CI),YES,UNTESTED,Service role or cron only
rpc release_news_pipeline_lease,EXECUTE,DENY,DENY,DENY,DENY,DENY,DENY,DENY,DENY (401 or refresh),20260717000001_enrich_priority_queue.sql:135; live 22 Sep PUBLIC=false anon=false auth=false,enrich_priority_queue.test.sql (CI),YES,UNTESTED,Service role or cron only
rpc renew_news_pipeline_lease,EXECUTE,DENY,DENY,DENY,DENY,DENY,DENY,DENY,DENY (401 or refresh),20260718000001_reconcile_intelligence_release_schema.sql:11; live 22 Sep PUBLIC=false anon=false auth=false,enrich_priority_queue.test.sql (CI),YES,UNTESTED,Service role or cron only
rpc reserve_news_ai_budget,EXECUTE,DENY,DENY,DENY,DENY,DENY,DENY,DENY,DENY (401 or refresh),20260717000001_enrich_priority_queue.sql:182; live 22 Sep PUBLIC=false anon=false auth=false,enrich_priority_queue.test.sql (CI),YES,UNTESTED,Service role or cron only
rpc settle_news_ai_budget,EXECUTE,DENY,DENY,DENY,DENY,DENY,DENY,DENY,DENY (401 or refresh),20260717000001_enrich_priority_queue.sql:241; live 22 Sep PUBLIC=false anon=false auth=false,enrich_priority_queue.test.sql (CI),YES,UNTESTED,Service role or cron only
rpc try_acquire_news_pipeline_lease,EXECUTE,DENY,DENY,DENY,DENY,DENY,DENY,DENY,DENY (401 or refresh),20260717000001_enrich_priority_queue.sql:93; live 22 Sep PUBLIC=false anon=false auth=false,enrich_priority_queue.test.sql (CI),YES,UNTESTED,Service role or cron only
rpc assert_aligned_map_access,EXECUTE,DENY,DENY,DENY,DENY,DENY,DENY,DENY,DENY (401 or refresh),20260921000001_p0_invitation_containment.sql:378; live 22 Sep PUBLIC=false anon=false auth=false,none,YES,UNTESTED,Service role or cron only
rpc cleanup_rate_limits,EXECUTE,DENY,DENY,DENY,DENY,DENY,DENY,DENY,DENY (401 or refresh),20260301000000_initial_schema.sql; not in 22 Sep catalogue,none,YES,UNTESTED,Service role or cron only
rpc validate_invitation_code,EXECUTE,"ALLOW, throttled","ALLOW, throttled",ALLOW,ALLOW,ALLOW,ALLOW,ALLOW,DENY (401 or refresh),20260922000002_short_codes_and_validation_throttle.sql:103; live 22 Sep PUBLIC=false anon=true auth=true,supabase/verification/p0 (manual),YES,UNTESTED,"HO-06: prove the 11th call in 10 minutes is refused, and the 121st global call per minute"
rpc redeem_invitation_code,EXECUTE with own uid,DENY,ALLOW once with a valid code,DENY already_member,DENY already_member,DENY already_member,DENY already_member,DENY,DENY (401 or refresh),20260921000001_p0_invitation_containment.sql:199; live 22 Sep PUBLIC=false anon=false auth=true,supabase/verification/p0 (manual),YES,UNTESTED,"HO-04, HO-05"
rpc redeem_invitation_code,EXECUTE with another uid,DENY,DENY identity_mismatch,DENY,DENY,DENY,DENY,DENY,DENY (401 or refresh),20260921000001_p0_invitation_containment.sql:199,supabase/verification/p0 (manual),YES,UNTESTED,
rpc redeem_invitation_code,repeated invalid guesses,DENY,DENY after a small number (throttle expected),n/a,n/a,n/a,n/a,n/a,DENY (401 or refresh),No throttle in body,none,YES,UNTESTED,HO-04
rpc redeem_invitation_code,recipient-bound code with a different auth email,DENY,DENY email_mismatch expected,n/a,n/a,n/a,n/a,n/a,DENY (401 or refresh),Compares caller supplied p_email,none,YES,UNTESTED,HO-05
rpc map_projects,EXECUTE,DENY,DENY,ALLOW gold+,DENY member and silver,ALLOW,ALLOW,DENY,DENY (401 or refresh),20260921000001_p0_invitation_containment.sql:493; live 22 Sep PUBLIC=false anon=false auth=true,supabase/verification/p0 (manual),YES,UNTESTED,
rpc map_states,EXECUTE,DENY,DENY,ALLOW gold+,DENY member and silver,ALLOW,ALLOW,DENY,DENY (401 or refresh),20260921000001_p0_invitation_containment.sql:459; live 22 Sep PUBLIC=false anon=false auth=true,supabase/verification/p0 (manual),YES,UNTESTED,
rpc map_countries,EXECUTE,DENY,DENY,ALLOW gold+,DENY member and silver,ALLOW,ALLOW,DENY,DENY (401 or refresh),20260921000001_p0_invitation_containment.sql:434; live 22 Sep PUBLIC=false anon=false auth=true,supabase/verification/p0 (manual),YES,UNTESTED,
rpc is_active_member,EXECUTE,returns false or member,returns false or member,ALLOW,ALLOW,ALLOW,ALLOW,must return false for is_active_member and is_admin,DENY (401 or refresh),20260321000003_authority_hardening_v2.sql:21; live 22 Sep PUBLIC=true anon=true auth=true,none,YES,UNTESTED,HO-07 and HO-08 concern the suspended column
rpc is_admin,EXECUTE,returns false or member,returns false or member,ALLOW,ALLOW,ALLOW,ALLOW,must return false for is_active_member and is_admin,DENY (401 or refresh),20260321000003_authority_hardening_v2.sql:26; live 22 Sep PUBLIC=true anon=true auth=true,none,YES,UNTESTED,HO-07 and HO-08 concern the suspended column
rpc get_member_tier,EXECUTE,returns false or member,returns false or member,ALLOW,ALLOW,ALLOW,ALLOW,must return false for is_active_member and is_admin,DENY (401 or refresh),20260323000005_get_member_tier_prefers_db.sql:3; live 22 Sep PUBLIC=true anon=true auth=true,none,YES,UNTESTED,HO-07 and HO-08 concern the suspended column
rpc is_pending_member,EXECUTE,returns false or member,returns false or member,ALLOW,ALLOW,ALLOW,ALLOW,must return false for is_active_member and is_admin,DENY (401 or refresh),20260718000001_reconcile_intelligence_release_schema.sql:49; live 22 Sep PUBLIC=false anon=false auth=true,"onboarding_feed_interests.test.sql, release_schema_reconciliation.test.sql (CI)",YES,UNTESTED,HO-07 and HO-08 concern the suspended column
rpc notify_admins_of_issue (trigger function),direct EXECUTE,DENY or harmless,DENY or harmless,DENY or harmless,DENY or harmless,DENY or harmless,DENY or harmless,DENY or harmless,DENY (401 or refresh),20260710000006_issue_reports.sql:97; live 22 Sep PUBLIC=true anon=true auth=true,none,YES,UNTESTED,PUBLIC execute retained; prove a direct call fails outside trigger context
rpc notify_project_engagement (trigger function),direct EXECUTE,DENY or harmless,DENY or harmless,DENY or harmless,DENY or harmless,DENY or harmless,DENY or harmless,DENY or harmless,DENY (401 or refresh),20260710000005_project_engagement.sql:119; live 22 Sep PUBLIC=true anon=true auth=true,none,YES,UNTESTED,PUBLIC execute retained; prove a direct call fails outside trigger context
rpc apply_aligned_tile_submission_defaults (trigger function),direct EXECUTE,DENY or harmless,DENY or harmless,DENY or harmless,DENY or harmless,DENY or harmless,DENY or harmless,DENY or harmless,DENY (401 or refresh),20260323000001_membership_invites_and_moderation.sql:624; live 22 Sep PUBLIC=true anon=true auth=true,none,YES,UNTESTED,PUBLIC execute retained; prove a direct call fails outside trigger context
rpc prevent_privileged_member_field_updates (trigger function),direct EXECUTE,DENY or harmless,DENY or harmless,DENY or harmless,DENY or harmless,DENY or harmless,DENY or harmless,DENY or harmless,DENY (401 or refresh),20260428000001_onboarding_security_foundation.sql:404; live 22 Sep PUBLIC=true anon=true auth=true,none,YES,UNTESTED,PUBLIC execute retained; prove a direct call fails outside trigger context
edge function ingest-news,POST,DENY 401,DENY 401,DENY 401,DENY 401,DENY 401,ALLOW,DENY (suspended admin must fail),DENY (401 or refresh),supabase/functions/ingest-news/index.ts; auth: pipeline secret or admin JWT; deployed --no-verify-jwt per NEWS-PIPELINE.md (dashboard setting EXTERNAL),Deno unit tests cover core logic only,YES,UNTESTED,Admin check reads admin_roles only; does not check member status (HO-07)
edge function enrich-news,POST,DENY 401,DENY 401,DENY 401,DENY 401,DENY 401,ALLOW,DENY (suspended admin must fail),DENY (401 or refresh),supabase/functions/enrich-news/index.ts; auth: pipeline secret or admin JWT; deployed --no-verify-jwt per NEWS-PIPELINE.md (dashboard setting EXTERNAL),Deno unit tests cover core logic only,YES,UNTESTED,Admin check reads admin_roles only; does not check member status (HO-07)
edge function send-briefing-push,POST,DENY 401,DENY 401,DENY 401,DENY 401,DENY 401,ALLOW,DENY (suspended admin must fail),DENY (401 or refresh),supabase/functions/send-briefing-push/index.ts; auth: pipeline secret or admin JWT; deployed --no-verify-jwt per NEWS-PIPELINE.md (dashboard setting EXTERNAL),none,YES,UNTESTED,Admin check reads admin_roles only; does not check member status (HO-07)
edge function notify-admins,POST,DENY 401,DENY 401,DENY 401,DENY 401,DENY 401,DENY 401,DENY (suspended admin must fail),DENY (401 or refresh),supabase/functions/notify-admins/index.ts; auth: pipeline secret only; deployed --no-verify-jwt per NEWS-PIPELINE.md (dashboard setting EXTERNAL),none,YES,UNTESTED,Admin check reads admin_roles only; does not check member status (HO-07)
edge function project-engagement,POST,DENY 401,DENY 401,DENY 401,DENY 401,DENY 401,DENY 401,DENY (suspended admin must fail),DENY (401 or refresh),supabase/functions/project-engagement/index.ts; auth: pipeline secret only; deployed --no-verify-jwt per NEWS-PIPELINE.md (dashboard setting EXTERNAL),none,YES,UNTESTED,Admin check reads admin_roles only; does not check member status (HO-07)
edge function refresh-map-data,POST,DENY 401,DENY 401,DENY 401,DENY 401,DENY 401,ALLOW,DENY (suspended admin must fail),DENY (401 or refresh),supabase/functions/refresh-map-data/index.ts; auth: admin JWT only; deployed --no-verify-jwt per NEWS-PIPELINE.md (dashboard setting EXTERNAL),none,YES,UNTESTED,Admin check reads admin_roles only; does not check member status (HO-07)
media V1 publish episode or video,publish episode or video,DENY,DENY,DENY,DENY,DENY,ALLOW,DENY,DENY (401 or refresh),NOT BUILT,none,YES,UNTESTED,Row to be completed when Media V1 is designed
media V1 unpublish or delete,unpublish or delete,DENY,DENY,DENY,DENY,DENY,ALLOW,DENY,DENY (401 or refresh),NOT BUILT,none,YES,UNTESTED,Row to be completed when Media V1 is designed
media V1 play published,play published,DENY,DENY,ALLOW,UNDECIDED: product decision,ALLOW,ALLOW,DENY,DENY (401 or refresh),NOT BUILT,none,YES,UNTESTED,Row to be completed when Media V1 is designed
media V1 play unpublished,play unpublished,DENY,DENY,DENY,DENY,DENY,ALLOW,DENY,DENY (401 or refresh),NOT BUILT,none,YES,UNTESTED,Row to be completed when Media V1 is designed
