section,subject,metric,value
6 migrations,applied_version,20260301000000,
6 migrations,applied_version,20260301000001,
6 migrations,applied_version,20260301000002,
6 migrations,applied_version,20260301000003,
6 migrations,applied_version,20260301000004,
6 migrations,applied_version,20260301000005,
6 migrations,applied_version,20260301000006,
6 migrations,applied_version,20260302000001,
6 migrations,applied_version,20260321000001,
6 migrations,applied_version,20260321000003,
6 migrations,applied_version,20260322000001,
6 migrations,applied_version,20260323000001,
6 migrations,applied_version,20260323000002,
6 migrations,applied_version,20260323000003,
6 migrations,applied_version,20260323000004,
6 migrations,applied_version,20260323000005,
6 migrations,applied_version,20260323000006,
6 migrations,applied_version,20260326000001,
6 migrations,applied_version,20260326000002,
6 migrations,applied_version,20260326000003,
6 migrations,applied_version,20260326000004,
6 migrations,applied_version,20260326000005,
6 migrations,applied_version,20260327000001,
6 migrations,applied_version,20260406000001,
6 migrations,applied_version,20260425000001,
6 migrations,applied_version,20260428000001,
6 migrations,applied_version,20260428093500,
6 migrations,applied_version,20260504000001,
6 migrations,applied_version,20260504000002,
6 migrations,applied_version,20260504000003,
6 migrations,applied_version,20260504000004,
6 migrations,applied_version,20260504000005,
6 migrations,applied_version,20260504000006,
6 migrations,applied_version,20260504000007,
6 migrations,applied_version,20260505000001,
6 migrations,applied_version,20260521000001,
6 migrations,applied_version,20260521000002,
6 migrations,applied_version,20260707000001,
6 migrations,applied_version,20260707000002,
6 migrations,applied_version,20260707000003,
6 migrations,applied_version,20260707000004,
6 migrations,applied_version,20260707000005,
6 migrations,applied_version,20260710000001,
6 migrations,applied_version,20260710000002,
6 migrations,applied_version,20260710000003,
6 migrations,applied_version,20260710000004,
6 migrations,applied_version,20260710000005,
6 migrations,applied_version,20260710000006,
6 migrations,applied_version,20260710000007,
6 migrations,applied_version,20260717000001,
6 migrations,applied_version,20260717000002,
6 migrations,applied_version,20260717000003,
6 migrations,applied_version,20260717000004,
6 migrations,applied_version,20260718000001,
6 migrations,applied_version,20260720000001,